n_sq_rplsa,l_adr,c_postal,l_com,n_voie,c_suf1,c_desi,l_voie,pays
"920029842",3 TOLSTOI,"92000",Nanterre,"3",,,TOLSTOI,FRANCE
"758847488",90 RUE ARNOLD NETTER,"75012",Paris 12e Arrondissement,"90",,RUE,ARNOLD NETTER,FRANCE
"910032237",1 ALLEE J. LE BRIX,"91170",Viry-Châtillon,"1",,ALLEE,J. LE BRIX,FRANCE
"910032247",22 COURS JOSEPH DEWALLE,"91200",Athis-Mons,"22",,COURS,JOSEPH DEWALLE,FRANCE
"910032249",3 ALLEE J. LE BRIX,"91170",Viry-Châtillon,"3",,ALLEE,J. LE BRIX,FRANCE
"910032257",7 ALLEE ABROISE PARE,"91170",Viry-Châtillon,"7",,ALLEE,ABROISE PARE,FRANCE
"910032260",87 RUE JP BENARD,"91200",Athis-Mons,"87",,RUE,JP BENARD,FRANCE
"920029689",1 ALLÉE G VALLEREY,"92290",ChÃ¢tenay-Malabry,"1",,,ALLÉE G VALLEREY,FRANCE
"920029690",1 AVENUE ROBERT SCHUMAN,"92360",Meudon,"1",,AVENUE,ROBERT SCHUMAN,FRANCE
"920029691",1 D ALEMBERT,"92000",Nanterre,"1",,,D ALEMBERT,FRANCE
"920029692",1 PLACE DES DRS BONAMY,"92110",Clichy,"1",,PLACE,DES DRS BONAMY,FRANCE
"920029694",1 ROND-POINT DES MARTYRS,"92220",Bagneux,"1",,ROND-POINT,DES MARTYRS,FRANCE
"920029695",1 RUE A LEMAIRE,"92260",Fontenay-aux-Roses,"1",,RUE,A LEMAIRE,FRANCE
"920029696",1 RUE DU DCT SCHWEITZER,"92400",Courbevoie,"1",,RUE,DU DCT SCHWEITZER,FRANCE
"920029702",1 RUE J. HARDOUIN MANSART,"92600",Asnières-sur-Seine,"1",,RUE,J. HARDOUIN MANSART,FRANCE
"920029706",1 SQUARE F. JOLIOT CURIE,"92350",Le Plessis-Robinson,"1",,SQUARE,F. JOLIOT CURIE,FRANCE
"920029707",1 SQUARE J.GIRAUDOUX,"92390",Villeneuve-la-Garenne,"1",,SQUARE,J.GIRAUDOUX,FRANCE
"920029708",1 SQUARE L ABBE MAILLET,"92360",Meudon,"1",,SQUARE,L ABBE MAILLET,FRANCE
"920029709",1 TOLSTOI,"92000",Nanterre,"1",,,TOLSTOI,FRANCE
"920029710",10 AVENUE A. MAISTRASSE,"92150",Suresnes,"10",,AVENUE,A. MAISTRASSE,FRANCE
"920029711",10 ROND-POINT DES MARTYRS,"92220",Bagneux,"10",,ROND-POINT,DES MARTYRS,FRANCE
"920029715",10 RUE DU CAPITAINE G. FACQ,"92350",Le Plessis-Robinson,"10",,RUE,DU CAPITAINE G. FACQ,FRANCE
"920029716",10 RUE DU MAL DE LATTRE DE,"92390",Villeneuve-la-Garenne,"10",,RUE,DU MAL DE LATTRE DE,FRANCE
"920029719",10 SQUARE F. JOLIOT CURIE,"92350",Le Plessis-Robinson,"10",,SQUARE,F. JOLIOT CURIE,FRANCE
"920029720",101 RUE GRANDE RUE,"92310",Sèvres,"101",,RUE,GRANDE RUE,FRANCE
"920029721",105 RUE X DE MAISTRE,"92500",Rueil-Malmaison,"105",,RUE,X DE MAISTRE,FRANCE
"920029723",108 RUE GRAND RUE,"92380",Garches,"108",,RUE,GRAND RUE,FRANCE
"920029725",109 RUE J. GUESDE,"92300",Levallois-Perret,"109",,RUE,J. GUESDE,FRANCE
"920029726",11 AVENUE DE VERDUN,"92250",La Garenne-Colombes,"11",,AVENUE,DE VERDUN,FRANCE
"920029729",11 SQUARE F. JOLIOT CURIE,"92350",Le Plessis-Robinson,"11",,SQUARE,F. JOLIOT CURIE,FRANCE
"920029731",113 AVENUE SALENGRO,"92370",Chaville,"113",,AVENUE,SALENGRO,FRANCE
"920029733",12 AVENUE A. MAISTRASSE,"92150",Suresnes,"12",,AVENUE,A. MAISTRASSE,FRANCE
"920029734",12 RESIDENCE LES CHATAIGNIERS,"92380",Garches,"12",,RESIDENCE,LES CHATAIGNIERS,FRANCE
"920029735",12 RUE DU CAPITAINE G. FACQ,"92350",Le Plessis-Robinson,"12",,RUE,DU CAPITAINE G. FACQ,FRANCE
"920029737",12 SQUARE F. JOLIOT CURIE,"92350",Le Plessis-Robinson,"12",,SQUARE,F. JOLIOT CURIE,FRANCE
"920029740",13 RUE J. HARDOUIN MANSART,"92600",Asnières-sur-Seine,"13",,RUE,J. HARDOUIN MANSART,FRANCE
"920029741",138 RUE J.P TIMBAUD,"92400",Courbevoie,"138",,RUE,J.P TIMBAUD,FRANCE
"920029745",14 RUE CARL HEBERT,"92400",Courbevoie,"14",,RUE,CARL HEBERT,FRANCE
"920029746",14 RUE DEROULEDE,"92600",Asnières-sur-Seine,"14",,RUE,DEROULEDE,FRANCE
"920029747",14 RUE DU CAPITAINE G. FACQ,"92350",Le Plessis-Robinson,"14",,RUE,DU CAPITAINE G. FACQ,FRANCE
"920029749",14 SQUARE F. JOLIOT CURIE,"92350",Le Plessis-Robinson,"14",,SQUARE,F. JOLIOT CURIE,FRANCE
"920029750",140 RUE J.P TIMBAUD,"92400",Courbevoie,"140",,RUE,J.P TIMBAUD,FRANCE
"920029752",142 RUE J.P TIMBAUD,"92400",Courbevoie,"142",,RUE,J.P TIMBAUD,FRANCE
"920029753",143 AVENUE J.JAURES,"92120",Montrouge,"143",,AVENUE,J.JAURES,FRANCE
"920029754",144 RUE J.P TIMBAUD,"92400",Courbevoie,"144",,RUE,J.P TIMBAUD,FRANCE
"920029755",15 AVENUE DE TASSIGNY,"92500",Rueil-Malmaison,"15",,AVENUE,DE TASSIGNY,FRANCE
"920029759",155 RUE J. GUESDE BÂT B,"92300",Levallois-Perret,"155",,RUE,J. GUESDE BÂT B,FRANCE
"920029761",16 AVENUE A. MAISTRASSE,"92150",Suresnes,"16",,AVENUE,A. MAISTRASSE,FRANCE
"920029763",16 RUE DU DOCTEUR ROUX,"92110",Clichy,"16",,RUE,DU DOCTEUR ROUX,FRANCE
"920029764",161 RUE J. GUESDE,"92300",Levallois-Perret,"161",,RUE,J. GUESDE,FRANCE
"920029765",17 AVENUE DE TASSIGNY,"92500",Rueil-Malmaison,"17",,AVENUE,DE TASSIGNY,FRANCE
"920029769",18 AVENUE A. MAISTRASSE,"92150",Suresnes,"18",,AVENUE,A. MAISTRASSE,FRANCE
"920029773",19 AVENUE DE TASSIGNY,"92500",Rueil-Malmaison,"19",,AVENUE,DE TASSIGNY,FRANCE
"920029774",19 AVENUE PAUL VAILLANT COUTURI,"92220",Bagneux,"19",,AVENUE,PAUL VAILLANT COUTURI,FRANCE
"920029777",191 RUE GRANDE RUE,"92380",Garches,"191",,RUE,GRANDE RUE,FRANCE
"920029778",2 AVENUE A. BRIAND,"92350",Le Plessis-Robinson,"2",,AVENUE,A. BRIAND,FRANCE
"920029780",2 AVENUE ROBERT SCHUMAN,"92360",Meudon,"2",,AVENUE,ROBERT SCHUMAN,FRANCE
"920029781",2 D ALEMBERT,"92000",Nanterre,"2",,,D ALEMBERT,FRANCE
"920029782",2 PLACE DU 11 NOVEMBRE,"92250",La Garenne-Colombes,"2",,PLACE,DU 11 NOVEMBRE,FRANCE
"920029783",2 ROND-POINT DES MARTYRS,"92220",Bagneux,"2",,ROND-POINT,DES MARTYRS,FRANCE
"920029784",2 RUE CLAUDE N. LEDOUX,"92350",Le Plessis-Robinson,"2",,RUE,CLAUDE N. LEDOUX,FRANCE
"920029788",2 RUE LABRUYERE,"92120",Montrouge,"2",,RUE,LABRUYERE,FRANCE
"920029792",2 SQUARE F. JOLIOT CURIE,"92350",Le Plessis-Robinson,"2",,SQUARE,F. JOLIOT CURIE,FRANCE
"920029793",2 SQUARE J.A. GABRIEL,"92350",Le Plessis-Robinson,"2",,SQUARE,J.A. GABRIEL,FRANCE
"920029794",2 SQUARE J.GIRAUDOUX,"92390",Villeneuve-la-Garenne,"2",,SQUARE,J.GIRAUDOUX,FRANCE
"920029795",2 TOLSTOI,"92000",Nanterre,"2",,,TOLSTOI,FRANCE
"920029796",20 AVENUE A. MAISTRASSE,"92150",Suresnes,"20",,AVENUE,A. MAISTRASSE,FRANCE
"920029798",20 JARDINS JARDINS BOIELDIEU,"92800",Puteaux,"20",,JARDINS,JARDINS BOIELDIEU,FRANCE
"920029800",21 AVENUE DE TASSIGNY,"92500",Rueil-Malmaison,"21",,AVENUE,DE TASSIGNY,FRANCE
"920029804",23 AVENUE DE TASSIGNY,"92500",Rueil-Malmaison,"23",,AVENUE,DE TASSIGNY,FRANCE
"920029808",24 RUE H. POINCARE,"92110",Clichy,"24",,RUE,H. POINCARE,FRANCE
"920029809",25 AVENUE DE TASSIGNY,"92500",Rueil-Malmaison,"25",,AVENUE,DE TASSIGNY,FRANCE
"920029812",26 RUE GRANDE RUE,"92380",Garches,"26",,RUE,GRANDE RUE,FRANCE
"920029814",27 AVENUE DE TASSIGNY,"92500",Rueil-Malmaison,"27",,AVENUE,DE TASSIGNY,FRANCE
"920029817",27 RUE J. BOURGUIGNON,"92500",Rueil-Malmaison,"27",,RUE,J. BOURGUIGNON,FRANCE
"920029818",28 RUE E. BLANC,"92500",Rueil-Malmaison,"28",,RUE,E. BLANC,FRANCE
"920029819",28 RUE GRANDE RUE,"92380",Garches,"28",,RUE,GRANDE RUE,FRANCE
"920029820",29 AVENUE DE TASSIGNY,"92500",Rueil-Malmaison,"29",,AVENUE,DE TASSIGNY,FRANCE
"920029823",3 ALLÉE G VALLEREY,"92290",ChÃ¢tenay-Malabry,"3",,,ALLÉE G VALLEREY,FRANCE
"920029824",3 AVENUE ROBERT SCHUMAN,"92360",Meudon,"3",,AVENUE,ROBERT SCHUMAN,FRANCE
"920029825",3 D ALEMBERT,"92000",Nanterre,"3",,,D ALEMBERT,FRANCE
"920029826",3 PLACE DES DRS BONAMY,"92110",Clichy,"3",,PLACE,DES DRS BONAMY,FRANCE
"920029827",3 PLACE DU PT DE BILLANCOURT,"92100",Boulogne-Billancourt,"3",,PLACE,DU PT DE BILLANCOURT,FRANCE
"920029829",3 RESIDENCE LES CHATAIGNIERS,"92380",Garches,"3",,RESIDENCE,LES CHATAIGNIERS,FRANCE
"920029830",3 ROND-POINT DES MARTYRS,"92220",Bagneux,"3",,ROND-POINT,DES MARTYRS,FRANCE
"920029831",3 RUE A LEMAIRE,"92260",Fontenay-aux-Roses,"3",,RUE,A LEMAIRE,FRANCE
"920029838",3 SQUARE F. JOLIOT CURIE,"92350",Le Plessis-Robinson,"3",,SQUARE,F. JOLIOT CURIE,FRANCE
"920029839",3 SQUARE G.PHILIPPE,"92390",Villeneuve-la-Garenne,"3",,SQUARE,G.PHILIPPE,FRANCE
"920029841",3 SQUARE L ABBE MAILLET,"92360",Meudon,"3",,SQUARE,L ABBE MAILLET,FRANCE
"920029845",30 RUE E. BLANC,"92500",Rueil-Malmaison,"30",,RUE,E. BLANC,FRANCE
"920029846",30 RUE GRANDE RUE,"92380",Garches,"30",,RUE,GRANDE RUE,FRANCE
"920029847",32 RUE GRANDE RUE,"92380",Garches,"32",,RUE,GRANDE RUE,FRANCE
"920029848",34 RUE DU CAP GUYNEMER,"92400",Courbevoie,"34",,RUE,DU CAP GUYNEMER,FRANCE
"920029849",34 RUE GRANDE RUE,"92380",Garches,"34",,RUE,GRANDE RUE,FRANCE
"920029850",36 RUE GRANDE RUE,"92380",Garches,"36",,RUE,GRANDE RUE,FRANCE
"920029851",37 RUE J.LEFEVRE PROLONGEE,"92400",Courbevoie,"37",,RUE,J.LEFEVRE PROLONGEE,FRANCE
"920029852",39 RUE J.LEFEVRE PROLONGEE,"92400",Courbevoie,"39",,RUE,J.LEFEVRE PROLONGEE,FRANCE
"920029853",4 AVENUE A. MAISTRASSE,"92150",Suresnes,"4",,AVENUE,A. MAISTRASSE,FRANCE
"920029855",4 AVENUE ROBERT SCHUMAN,"92360",Meudon,"4",,AVENUE,ROBERT SCHUMAN,FRANCE
"920029856",4 D ALEMBERT,"92000",Nanterre,"4",,,D ALEMBERT,FRANCE
"920029857",4 PLACE DU 11 NOVEMBRE,"92250",La Garenne-Colombes,"4",,PLACE,DU 11 NOVEMBRE,FRANCE
"920029858",4 ROND-POINT DES MARTYRS,"92220",Bagneux,"4",,ROND-POINT,DES MARTYRS,FRANCE
"920029859",4 RUE CLAUDE N. LEDOUX,"92350",Le Plessis-Robinson,"4",,RUE,CLAUDE N. LEDOUX,FRANCE
"920029865",4 SQUARE F. JOLIOT CURIE,"92350",Le Plessis-Robinson,"4",,SQUARE,F. JOLIOT CURIE,FRANCE
"920029866",4 SQUARE J.A. GABRIEL,"92350",Le Plessis-Robinson,"4",,SQUARE,J.A. GABRIEL,FRANCE
"920029867",4 SQUARE L ABBE MAILLET,"92360",Meudon,"4",,SQUARE,L ABBE MAILLET,FRANCE
"920029868",4 TOLSTOI,"92000",Nanterre,"4",,,TOLSTOI,FRANCE
"920029869",42 AVENUE LENINE,"92000",Nanterre,"42",,AVENUE,LENINE,FRANCE
"920029870",42 B RUE HENRI GINOUX,"92120",Montrouge,"42",B,RUE,HENRI GINOUX,FRANCE
"920029873",44 RUE P. BROSSOLETTE,"92300",Levallois-Perret,"44",,RUE,P. BROSSOLETTE,FRANCE
"920029874",45 AVENUE F ET IRENE JOLIOT CURIE,"92000",Nanterre,"45",,AVENUE,F ET IRENE JOLIOT CURIE,FRANCE
"920029876",47 AVENUE F ET IRENE JOLIOT CURIE,"92000",Nanterre,"47",,AVENUE,F ET IRENE JOLIOT CURIE,FRANCE
"920029879",49 AVENUE F ET IRENE JOLIOT CURIE,"92000",Nanterre,"49",,AVENUE,F ET IRENE JOLIOT CURIE,FRANCE
"920029881",5 ALLÉE G VALLEREY,"92290",ChÃ¢tenay-Malabry,"5",,,ALLÉE G VALLEREY,FRANCE
"920029882",5 D ALEMBERT,"92000",Nanterre,"5",,,D ALEMBERT,FRANCE
"920029884",5 PLACE DES DRS BONAMY,"92110",Clichy,"5",,PLACE,DES DRS BONAMY,FRANCE
"920029885",5 ROND-POINT DES MARTYRS,"92220",Bagneux,"5",,ROND-POINT,DES MARTYRS,FRANCE
"920029886",5 RUE A LEMAIRE,"92260",Fontenay-aux-Roses,"5",,RUE,A LEMAIRE,FRANCE
"920029890",5 RUE J. HARDOUIN MANSART,"92600",Asnières-sur-Seine,"5",,RUE,J. HARDOUIN MANSART,FRANCE
"920029895",5 SQUARE F. JOLIOT CURIE,"92350",Le Plessis-Robinson,"5",,SQUARE,F. JOLIOT CURIE,FRANCE
"920029897",5 SQUARE L ABBE MAILLET,"92360",Meudon,"5",,SQUARE,L ABBE MAILLET,FRANCE
"920029899",51 AVENUE F ET IRENE JOLIOT CURIE,"92000",Nanterre,"51",,AVENUE,F ET IRENE JOLIOT CURIE,FRANCE
"920029901",55 AVENUE F ET IRENE JOLIOT CURIE,"92000",Nanterre,"55",,AVENUE,F ET IRENE JOLIOT CURIE,FRANCE
"920029902",55 QUAI DEDION BOUTON,"92800",Puteaux,"55",,QUAI,DEDION BOUTON,FRANCE
"920029904",6 AVENUE A. MAISTRASSE,"92150",Suresnes,"6",,AVENUE,A. MAISTRASSE,FRANCE
"920029906",6 AVENUE ROBERT SCHUMAN,"92360",Meudon,"6",,AVENUE,ROBERT SCHUMAN,FRANCE
"920029908",6 D ALEMBERT,"92000",Nanterre,"6",,,D ALEMBERT,FRANCE
"920029909",6 PLACE DU 11 NOVEMBRE,"92250",La Garenne-Colombes,"6",,PLACE,DU 11 NOVEMBRE,FRANCE
"920029910",6 ROND-POINT DES MARTYRS,"92220",Bagneux,"6",,ROND-POINT,DES MARTYRS,FRANCE
"920029911",6 RUE CLAUDE N. LEDOUX,"92350",Le Plessis-Robinson,"6",,RUE,CLAUDE N. LEDOUX,FRANCE
"920029917",6 SQUARE F. JOLIOT CURIE,"92350",Le Plessis-Robinson,"6",,SQUARE,F. JOLIOT CURIE,FRANCE
"920029918",6 SQUARE J.A. GABRIEL,"92350",Le Plessis-Robinson,"6",,SQUARE,J.A. GABRIEL,FRANCE
"920029919",6 SQUARE L ABBE MAILLET,"92360",Meudon,"6",,SQUARE,L ABBE MAILLET,FRANCE
"920029922",7 ALLÉE G VALLEREY,"92290",ChÃ¢tenay-Malabry,"7",,,ALLÉE G VALLEREY,FRANCE
"920029923",7 AVENUE DE VERDUN,"92250",La Garenne-Colombes,"7",,AVENUE,DE VERDUN,FRANCE
"920029925",7 ROND-POINT DES MARTYRS,"92220",Bagneux,"7",,ROND-POINT,DES MARTYRS,FRANCE
"920029926",7 RUE A LEMAIRE,"92260",Fontenay-aux-Roses,"7",,RUE,A LEMAIRE,FRANCE
"920029933",7 SQUARE F. JOLIOT CURIE,"92350",Le Plessis-Robinson,"7",,SQUARE,F. JOLIOT CURIE,FRANCE
"920029934",7 SQUARE G.PHILIPPE,"92390",Villeneuve-la-Garenne,"7",,SQUARE,G.PHILIPPE,FRANCE
"920029937",71 AVENUE F ET IRENE JOLIOT CURIE,"92000",Nanterre,"71",,AVENUE,F ET IRENE JOLIOT CURIE,FRANCE
"920029938",73 AVENUE F ET IRENE JOLIOT CURIE,"92000",Nanterre,"73",,AVENUE,F ET IRENE JOLIOT CURIE,FRANCE
"920029940",75 AVENUE F ET IRENE JOLIOT CURIE,"92000",Nanterre,"75",,AVENUE,F ET IRENE JOLIOT CURIE,FRANCE
"920029942",76 RUE E. VAILLANT,"92300",Levallois-Perret,"76",,RUE,E. VAILLANT,FRANCE
"920029943",77 AVENUE F ET IRENE JOLIOT CURIE,"92000",Nanterre,"77",,AVENUE,F ET IRENE JOLIOT CURIE,FRANCE
"920029946",79 AVENUE F ET IRENE JOLIOT CURIE,"92000",Nanterre,"79",,AVENUE,F ET IRENE JOLIOT CURIE,FRANCE
"920029948",8 AVENUE JOLIOT CURIE,"92000",Nanterre,"8",,AVENUE,JOLIOT CURIE,FRANCE
"920029949",8 ROND-POINT DES MARTYRS,"92220",Bagneux,"8",,ROND-POINT,DES MARTYRS,FRANCE
"920029950",8 RUE CARL HEBERT,"92400",Courbevoie,"8",,RUE,CARL HEBERT,FRANCE
"920029951",8 RUE CLAUDE N. LEDOUX,"92350",Le Plessis-Robinson,"8",,RUE,CLAUDE N. LEDOUX,FRANCE
"920029954",8 SQUARE F. JOLIOT CURIE,"92350",Le Plessis-Robinson,"8",,SQUARE,F. JOLIOT CURIE,FRANCE
"920029955",8 SQUARE J.A. GABRIEL,"92350",Le Plessis-Robinson,"8",,SQUARE,J.A. GABRIEL,FRANCE
"920029957",81 AVENUE F ET IRENE JOLIOT CURIE,"92000",Nanterre,"81",,AVENUE,F ET IRENE JOLIOT CURIE,FRANCE
"920029959",83 AVENUE F ET IRENE JOLIOT CURIE,"92000",Nanterre,"83",,AVENUE,F ET IRENE JOLIOT CURIE,FRANCE
"920029960",85 AVENUE F ET IRENE JOLIOT CURIE,"92000",Nanterre,"85",,AVENUE,F ET IRENE JOLIOT CURIE,FRANCE
"920029961",86 AVENUE C. DE GAULLE,"92350",Le Plessis-Robinson,"86",,AVENUE,C. DE GAULLE,FRANCE
"920029962",87 AVENUE F ET IRENE JOLIOT CURIE,"92000",Nanterre,"87",,AVENUE,F ET IRENE JOLIOT CURIE,FRANCE
"920029963",89 AVENUE F ET IRENE JOLIOT CURIE,"92000",Nanterre,"89",,AVENUE,F ET IRENE JOLIOT CURIE,FRANCE
"920029964",9 AVENUE DE VERDUN,"92250",La Garenne-Colombes,"9",,AVENUE,DE VERDUN,FRANCE
"920029966",9 ROND-POINT DES MARTYRS,"92220",Bagneux,"9",,ROND-POINT,DES MARTYRS,FRANCE
"920029967",9 RUE A LEMAIRE,"92260",Fontenay-aux-Roses,"9",,RUE,A LEMAIRE,FRANCE
"920029970",9 SQUARE F. JOLIOT CURIE,"92350",Le Plessis-Robinson,"9",,SQUARE,F. JOLIOT CURIE,FRANCE
"920029973",91 AVENUE F ET IRENE JOLIOT CURIE,"92000",Nanterre,"91",,AVENUE,F ET IRENE JOLIOT CURIE,FRANCE
"920029980",PLACE SAINT JUST,"92230",Gennevilliers,"0",,PLACE,SAINT JUST,FRANCE
"920029990",RUE ROMAIN ROLLAND,"92230",Gennevilliers,"0",,RUE,ROMAIN ROLLAND,FRANCE
"930023811",1 ALLEE DE LA HAUTE PIERRE,"93160",Noisy-le-Grand,"1",,ALLEE,DE LA HAUTE PIERRE,FRANCE
"930023812",1 ALLEE DOCTEUR C BERNARD,"93600",Aulnay-sous-Bois,"1",,ALLEE,DOCTEUR C BERNARD,FRANCE
"930023818",1 AVENUE PT SALVADOR ALLENDE,"93100",Montreuil,"1",,AVENUE,PT SALVADOR ALLENDE,FRANCE
"930023820",1 DE LA DHUYS,"93390",Clichy-sous-Bois,"1",,,DE LA DHUYS,FRANCE
"930023823",1 PASSE KRASSINE,"93170",Bagnolet,"1",,PASSE,KRASSINE,FRANCE
"930023824",1 PLACE DU COMMERCE,"93600",Aulnay-sous-Bois,"1",,PLACE,DU COMMERCE,FRANCE
"930023825",1 RUE DE LA TERRE ST BLAISE,"93140",Bondy,"1",,RUE,DE LA TERRE ST BLAISE,FRANCE
"930023832",10 AVENUE DE LATTRE DE TASSIGNY,"93140",Bondy,"10",,AVENUE,DE LATTRE DE TASSIGNY,FRANCE
"930023833",10 AVENUE MAX DORMOY,"93140",Bondy,"10",,AVENUE,MAX DORMOY,FRANCE
"930023834",10 DE LA DHUYS,"93390",Clichy-sous-Bois,"10",,,DE LA DHUYS,FRANCE
"930023836",10 DOMAINE DE LA DHUIS,"93220",Gagny,"10",,DOMAINE,DE LA DHUIS,FRANCE
"930023841",10 RUE ANNE FRANCK,"93000",Bobigny,"10",,RUE,ANNE FRANCK,FRANCE
"930023844",102 LA PIAZZA,"93160",Noisy-le-Grand,"102",,,LA PIAZZA,FRANCE
"930023845",102 RUE DE LA PIAZZA,"93160",Noisy-le-Grand,"102",,RUE,DE LA PIAZZA,FRANCE
"930023849",11 AVENUE G MONMOUSSEAU,"93240",Stains,"11",,AVENUE,G MONMOUSSEAU,FRANCE
"930023850",11 DE LA DHUYS,"93390",Clichy-sous-Bois,"11",,,DE LA DHUYS,FRANCE
"930023851",11 DOMAINE DE LA DHUIS,"93220",Gagny,"11",,DOMAINE,DE LA DHUIS,FRANCE
"930023853",11 PLACE N. NEUBURGER,"93140",Bondy,"11",,PLACE,N. NEUBURGER,FRANCE
"930023856",11 RUE J.BAPTISTE SEMANAZ,"93310",Le Pré-Saint-Gervais,"11",,RUE,J.BAPTISTE SEMANAZ,FRANCE
"930023858",11 RUE ST JOHN PERSE,"93420",Villepinte,"11",,RUE,ST JOHN PERSE,FRANCE
"930023859",112 LA PIAZZA,"93160",Noisy-le-Grand,"112",,,LA PIAZZA,FRANCE
"930023860",112 RUE DE LA PIAZZA,"93160",Noisy-le-Grand,"112",,RUE,DE LA PIAZZA,FRANCE
"930023864",12 ALLEE DE LA HAUTE PIERRE,"93160",Noisy-le-Grand,"12",,ALLEE,DE LA HAUTE PIERRE,FRANCE
"930023866",12 AVENUE DE LATTRE DE TASSIGNY,"93140",Bondy,"12",,AVENUE,DE LATTRE DE TASSIGNY,FRANCE
"930023867",12 AVENUE MAX DORMOY,"93140",Bondy,"12",,AVENUE,MAX DORMOY,FRANCE
"930023869",12 DE LA DHUYS,"93390",Clichy-sous-Bois,"12",,,DE LA DHUYS,FRANCE
"930023877",13 AVENUE G MONMOUSSEAU,"93240",Stains,"13",,AVENUE,G MONMOUSSEAU,FRANCE
"930023879",13 COURS DES MARAICHERS,"93120",La Courneuve,"13",,COURS,DES MARAICHERS,FRANCE
"930023880",13 DE LA DHUYS,"93390",Clichy-sous-Bois,"13",,,DE LA DHUYS,FRANCE
"930023882",13 PLACE N. NEUBURGER,"93140",Bondy,"13",,PLACE,N. NEUBURGER,FRANCE
"930023885",13 RUE DES MARTYRS,"93130",Noisy-le-Sec,"13",,RUE,DES MARTYRS,FRANCE
"930023886",13 RUE J.BAPTISTE SEMANAZ,"93310",Le Pré-Saint-Gervais,"13",,RUE,J.BAPTISTE SEMANAZ,FRANCE
"930023888",132 LA PIAZZA,"93160",Noisy-le-Grand,"132",,,LA PIAZZA,FRANCE
"930023889",132 RUE DE LA PIAZZA,"93160",Noisy-le-Grand,"132",,RUE,DE LA PIAZZA,FRANCE
"930023891",14 AVENUE DE LATTRE DE TASSIGNY,"93140",Bondy,"14",,AVENUE,DE LATTRE DE TASSIGNY,FRANCE
"930023892",14 AVENUE MAX DORMOY,"93140",Bondy,"14",,AVENUE,MAX DORMOY,FRANCE
"930023898",142 LA PIAZZA,"93160",Noisy-le-Grand,"142",,,LA PIAZZA,FRANCE
"930023899",142 RUE DE LA PIAZZA,"93160",Noisy-le-Grand,"142",,RUE,DE LA PIAZZA,FRANCE
"930023901",15 AVENUE G MONMOUSSEAU,"93240",Stains,"15",,AVENUE,G MONMOUSSEAU,FRANCE
"930023905",15 PLACE DELATTRE DE TASSIGNY,"93220",Gagny,"15",,PLACE,DELATTRE DE TASSIGNY,FRANCE
"930023906",15 PLACE N. NEUBURGER,"93140",Bondy,"15",,PLACE,N. NEUBURGER,FRANCE
"930023908",156 RUE R. SALENGRO,"93140",Bondy,"156",,RUE,R. SALENGRO,FRANCE
"930023909",16 AVENUE DE LATTRE DE TASSIGNY,"93140",Bondy,"16",,AVENUE,DE LATTRE DE TASSIGNY,FRANCE
"930023910",16 AVENUE MAX DORMOY,"93140",Bondy,"16",,AVENUE,MAX DORMOY,FRANCE
"930023916",16 RUE,"93380",Pierrefitte-sur-Seine,"16",,RUE,,FRANCE
"930023919",164 RUE R. SALENGRO,"93140",Bondy,"164",,RUE,R. SALENGRO,FRANCE
"930023922",17 PLACE DELATTRE DE TASSIGNY,"93220",Gagny,"17",,PLACE,DELATTRE DE TASSIGNY,FRANCE
"930023923",17 PLACE N. NEUBURGER,"93140",Bondy,"17",,PLACE,N. NEUBURGER,FRANCE
"930023925",18 AVENUE DE LATTRE DE TASSIGNY,"93140",Bondy,"18",,AVENUE,DE LATTRE DE TASSIGNY,FRANCE
"930023926",18 AVENUE MAX DORMOY,"93140",Bondy,"18",,AVENUE,MAX DORMOY,FRANCE
"930023934",19 COURS DES MARAICHERS,"93120",La Courneuve,"19",,COURS,DES MARAICHERS,FRANCE
"930023936",19 PLACE N. NEUBURGER,"93140",Bondy,"19",,PLACE,N. NEUBURGER,FRANCE
"930023940",2 DE LA DHUYS,"93390",Clichy-sous-Bois,"2",,,DE LA DHUYS,FRANCE
"930023942",2 DOMAINE DE LA DHUIS,"93220",Gagny,"2",,DOMAINE,DE LA DHUIS,FRANCE
"930023944",2 PASSE KRASSINE,"93170",Bagnolet,"2",,PASSE,KRASSINE,FRANCE
"930023945",2 PLACE DU 11 NOVEMBRE,"93160",Noisy-le-Grand,"2",,PLACE,DU 11 NOVEMBRE,FRANCE
"930023950",20 AVENUE MAX DORMOY,"93140",Bondy,"20",,AVENUE,MAX DORMOY,FRANCE
"930023958",21 AVENUE SALVADOR ALLENDE,"93000",Bobigny,"21",,AVENUE,SALVADOR ALLENDE,FRANCE
"930023960",21 PLACE N. NEUBURGER,"93140",Bondy,"21",,PLACE,N. NEUBURGER,FRANCE
"930023963",22 AVENUE DE LATTRE DE TASSIGNY,"93140",Bondy,"22",,AVENUE,DE LATTRE DE TASSIGNY,FRANCE
"930023966",22 PLACE G. POMPIDOU,"93160",Noisy-le-Grand,"22",,PLACE,G. POMPIDOU,FRANCE
"930023967",22 RUE ANCIENS COMBATTANTS AF. DU NORD,"93110",Rosny-sous-Bois,"22",,RUE,ANCIENS COMBATTANTS AF. DU NORD,FRANCE
"930023971",23 ALLEE A DE SAINT EXUPERY,"93200",Saint-Denis,"23",,ALLEE,A DE SAINT EXUPERY,FRANCE
"930023974",23 PLACE N. NEUBURGER,"93140",Bondy,"23",,PLACE,N. NEUBURGER,FRANCE
"930023976",24 AVENUE DE LATTRE DE TASSIGNY,"93140",Bondy,"24",,AVENUE,DE LATTRE DE TASSIGNY,FRANCE
"930023979",24 RUE ANCIENS COMBATTANTS AF. DU NORD,"93110",Rosny-sous-Bois,"24",,RUE,ANCIENS COMBATTANTS AF. DU NORD,FRANCE
"930023982",25 ALLEE A DE SAINT EXUPERY,"93200",Saint-Denis,"25",,ALLEE,A DE SAINT EXUPERY,FRANCE
"930023983",25 AVENUE DE LATTRE DE TASSIGNY,"93140",Bondy,"25",,AVENUE,DE LATTRE DE TASSIGNY,FRANCE
"930023985",25 BOULEVARD PAUL VAILLANT COUTURIER,"93700",Drancy,"25",,BOULEVARD,PAUL VAILLANT COUTURIER,FRANCE
"930023987",25 PLACE N. NEUBURGER,"93140",Bondy,"25",,PLACE,N. NEUBURGER,FRANCE
"930023988",26 AVENUE DE LATTRE DE TAS,"93140",Bondy,"26",,AVENUE,DE LATTRE DE TAS,FRANCE
"930023990",26 RUE ANCIENS COMBATTANTS AF. DU NORD,"93110",Rosny-sous-Bois,"26",,RUE,ANCIENS COMBATTANTS AF. DU NORD,FRANCE
"930023993",27 PLACE N. NEUBURGER,"93140",Bondy,"27",,PLACE,N. NEUBURGER,FRANCE
"930023995",28 AVENUE DE LATTRE DE TAS,"93140",Bondy,"28",,AVENUE,DE LATTRE DE TAS,FRANCE
"930023996",28 AVENUE P VAILLANT COUTURIER,"93150",Le Blanc-Mesnil,"28",,AVENUE,P VAILLANT COUTURIER,FRANCE
"930023997",28 RUE ANCIENS COMBATTANTS AF. DU NORD,"93110",Rosny-sous-Bois,"28",,RUE,ANCIENS COMBATTANTS AF. DU NORD,FRANCE
"930023999",28 RUE DU DOCTEU LAVERAN,"93600",Aulnay-sous-Bois,"28",,RUE,DU DOCTEU LAVERAN,FRANCE
"930024002",29 ALLEE A DE SAINT EXUPERY,"93200",Saint-Denis,"29",,ALLEE,A DE SAINT EXUPERY,FRANCE
"930024004",29 PLACE N. NEUBURGER,"93140",Bondy,"29",,PLACE,N. NEUBURGER,FRANCE
"930024005",3 ALLEE DOCTEUR C BERNARD,"93600",Aulnay-sous-Bois,"3",,ALLEE,DOCTEUR C BERNARD,FRANCE
"930024007",3 AVENUE PT SALVADOR ALLENDE,"93100",Montreuil,"3",,AVENUE,PT SALVADOR ALLENDE,FRANCE
"930024008",3 DE LA DHUYS,"93390",Clichy-sous-Bois,"3",,,DE LA DHUYS,FRANCE
"930024009",3 DOMAINE DE LA DHUIS,"93220",Gagny,"3",,DOMAINE,DE LA DHUIS,FRANCE
"930024012",3 PLACE N. NEUBURGER,"93140",Bondy,"3",,PLACE,N. NEUBURGER,FRANCE
"930024013",3 RUE DE LA TERRE ST BLAISE,"93140",Bondy,"3",,RUE,DE LA TERRE ST BLAISE,FRANCE
"930024019",30 AVENUE DE LATTRE DE TAS,"93140",Bondy,"30",,AVENUE,DE LATTRE DE TAS,FRANCE
"930024020",30 RUE ANCIENS COMBATTANTS AF. DU NORD,"93110",Rosny-sous-Bois,"30",,RUE,ANCIENS COMBATTANTS AF. DU NORD,FRANCE
"930024022",31 ALLEE A DE SAINT EXUPERY,"93200",Saint-Denis,"31",,ALLEE,A DE SAINT EXUPERY,FRANCE
"930024024",31 PLACE N. NEUBURGER,"93140",Bondy,"31",,PLACE,N. NEUBURGER,FRANCE
"930024025",32 AVENUE DE LATTRE DE TAS,"93140",Bondy,"32",,AVENUE,DE LATTRE DE TAS,FRANCE
"930024026",32 RUE ANCIENS COMBATTANTS AF. DU NORD,"93110",Rosny-sous-Bois,"32",,RUE,ANCIENS COMBATTANTS AF. DU NORD,FRANCE
"930024027",33 ALLEE A DE SAINT EXUPERY,"93200",Saint-Denis,"33",,ALLEE,A DE SAINT EXUPERY,FRANCE
"930024029",33 PLACE N. NEUBURGER,"93140",Bondy,"33",,PLACE,N. NEUBURGER,FRANCE
"930024031",34 AVENUE DE LATTRE DE TAS,"93140",Bondy,"34",,AVENUE,DE LATTRE DE TAS,FRANCE
"930024032",34 RUE ANCIENS COMBATTANTS AF. DU NORD,"93110",Rosny-sous-Bois,"34",,RUE,ANCIENS COMBATTANTS AF. DU NORD,FRANCE
"930024033",35 ALLEE A DE SAINT EXUPERY,"93200",Saint-Denis,"35",,ALLEE,A DE SAINT EXUPERY,FRANCE
"930024035",35 PLACE N. NEUBURGER,"93140",Bondy,"35",,PLACE,N. NEUBURGER,FRANCE
"930024037",36 AVENUE DE LATTRE DE TAS,"93140",Bondy,"36",,AVENUE,DE LATTRE DE TAS,FRANCE
"930024038",37 ALLEE A DE SAINT EXUPERY,"93200",Saint-Denis,"37",,ALLEE,A DE SAINT EXUPERY,FRANCE
"930024040",37 PLACE N. NEUBURGER,"93140",Bondy,"37",,PLACE,N. NEUBURGER,FRANCE
"930024041",37 RUE DU REVE LES MESANGES,"93420",Villepinte,"37",,RUE,DU REVE LES MESANGES,FRANCE
"930024044",39 ALLEE A DE SAINT EXUPERY,"93200",Saint-Denis,"39",,ALLEE,A DE SAINT EXUPERY,FRANCE
"930024046",39 PLACE N. NEUBURGER,"93140",Bondy,"39",,PLACE,N. NEUBURGER,FRANCE
"930024049",4 AVENUE BARRILLIET,"93140",Bondy,"4",,AVENUE,BARRILLIET,FRANCE
"930024051",4 DE LA DHUYS,"93390",Clichy-sous-Bois,"4",,,DE LA DHUYS,FRANCE
"930024053",4 PASSE KRASSINE,"93170",Bagnolet,"4",,PASSE,KRASSINE,FRANCE
"930024055",4 PLACE DU 11 NOVEMBRE,"93160",Noisy-le-Grand,"4",,PLACE,DU 11 NOVEMBRE,FRANCE
"930024057",4 RUE ALEXANDRE DUMAS,"93800",Épinay-sur-Seine,"4",,RUE,ALEXANDRE DUMAS,FRANCE
"930024065",40 AVENUE DE LATTRE DE TAS,"93140",Bondy,"40",,AVENUE,DE LATTRE DE TAS,FRANCE
"930024066",40 AVENUE DE LATTRE DE TASSIGNY,"93140",Bondy,"40",,AVENUE,DE LATTRE DE TASSIGNY,FRANCE
"930024067",40 COURSIVE GEORGES MELIES,"93300",Aubervilliers,"40",,COURSIVE,GEORGES MELIES,FRANCE
"930024068",41 ALLEE A DE SAINT EXUPERY,"93200",Saint-Denis,"41",,ALLEE,A DE SAINT EXUPERY,FRANCE
"930024069",41 PLACE N. NEUBURGER,"93140",Bondy,"41",,PLACE,N. NEUBURGER,FRANCE
"930024073",42 BOULEVARD D ESTIENNE D ORVES,"93000",Bobigny,"42",,BOULEVARD,D ESTIENNE D ORVES,FRANCE
"930024074",43 ALLEE A DE SAINT EXUPERY,"93200",Saint-Denis,"43",,ALLEE,A DE SAINT EXUPERY,FRANCE
"930024075",43 PLACE N. NEUBURGER,"93140",Bondy,"43",,PLACE,N. NEUBURGER,FRANCE
"930024078",45 ALLEE A DE SAINT EXUPERY,"93200",Saint-Denis,"45",,ALLEE,A DE SAINT EXUPERY,FRANCE
"930024080",45 PLACE N. NEUBURGER,"93140",Bondy,"45",,PLACE,N. NEUBURGER,FRANCE
"930024082",46 AVENUE DE LATTRE DE TAS,"93140",Bondy,"46",,AVENUE,DE LATTRE DE TAS,FRANCE
"930024085",47 PLACE N. NEUBURGER,"93140",Bondy,"47",,PLACE,N. NEUBURGER,FRANCE
"930024086",48 AVENUE DE LATTRE DE TAS,"93140",Bondy,"48",,AVENUE,DE LATTRE DE TAS,FRANCE
"930024087",48 AVENUE H. BARBUSSE,"93140",Bondy,"48",,AVENUE,H. BARBUSSE,FRANCE
"930024088",49 PLACE N. NEUBURGER,"93140",Bondy,"49",,PLACE,N. NEUBURGER,FRANCE
"930024089",5 ALLEE DOCTEUR C BERNARD,"93600",Aulnay-sous-Bois,"5",,ALLEE,DOCTEUR C BERNARD,FRANCE
"930024092",5 AVENUE PT SALVADOR ALLENDE,"93100",Montreuil,"5",,AVENUE,PT SALVADOR ALLENDE,FRANCE
"930024093",5 COURS DES MARAICHERS,"93120",La Courneuve,"5",,COURS,DES MARAICHERS,FRANCE
"930024094",5 DE LA DHUYS,"93390",Clichy-sous-Bois,"5",,,DE LA DHUYS,FRANCE
"930024095",5 DOMAINE DE LA DHUIS,"93220",Gagny,"5",,DOMAINE,DE LA DHUIS,FRANCE
"930024097",5 PLACE N. NEUBURGER,"93140",Bondy,"5",,PLACE,N. NEUBURGER,FRANCE
"930024100",5 RESIDENCE LES COQUELICOTS,"93470",Coubron,"5",,RESIDENCE,LES COQUELICOTS,FRANCE
"930024101",5 RUE DE LA TERRE ST BLAISE,"93140",Bondy,"5",,RUE,DE LA TERRE ST BLAISE,FRANCE
"930024106",50 AVENUE H. BARBUSSE,"93140",Bondy,"50",,AVENUE,H. BARBUSSE,FRANCE
"930024107",51 PLACE N. NEUBURGER,"93140",Bondy,"51",,PLACE,N. NEUBURGER,FRANCE
"930024110",6 AVENUE DE LATTRE DE TASSIGNY,"93140",Bondy,"6",,AVENUE,DE LATTRE DE TASSIGNY,FRANCE
"930024111",6 DE LA DHUYS,"93390",Clichy-sous-Bois,"6",,,DE LA DHUYS,FRANCE
"930024113",6 DOMAINE DE LA DHUIS,"93220",Gagny,"6",,DOMAINE,DE LA DHUIS,FRANCE
"930024115",6 MAIL GARCIA LORCA,"93160",Noisy-le-Grand,"6",,MAIL,GARCIA LORCA,FRANCE
"930024118",6 PLACE DU 11 NOVEMBRE,"93160",Noisy-le-Grand,"6",,PLACE,DU 11 NOVEMBRE,FRANCE
"930024120",6 ROND-POINT MONTFERMEIL,"93340",Le Raincy,"6",,ROND-POINT,MONTFERMEIL,FRANCE
"930024124",60 AVENUE DE LATTRE DE TAS,"93140",Bondy,"60",,AVENUE,DE LATTRE DE TAS,FRANCE
"930024126",62 AVENUE DE LATTRE DE TAS,"93140",Bondy,"62",,AVENUE,DE LATTRE DE TAS,FRANCE
"930024129",64 AVENUE DE LATTRE DE TAS,"93140",Bondy,"64",,AVENUE,DE LATTRE DE TAS,FRANCE
"930024131",66 AVENUE DE LATTRE DE TAS,"93140",Bondy,"66",,AVENUE,DE LATTRE DE TAS,FRANCE
"930024132",68 AVENUE DE LATTRE DE TAS,"93140",Bondy,"68",,AVENUE,DE LATTRE DE TAS,FRANCE
"930024134",7 ALLEE DOCTEUR C BERNARD,"93600",Aulnay-sous-Bois,"7",,ALLEE,DOCTEUR C BERNARD,FRANCE
"930024136",7 AVENUE PT SALVADOR ALLENDE,"93100",Montreuil,"7",,AVENUE,PT SALVADOR ALLENDE,FRANCE
"930024137",7 DE LA DHUYS,"93390",Clichy-sous-Bois,"7",,,DE LA DHUYS,FRANCE
"930024138",7 DOMAINE DE LA DHUIS,"93220",Gagny,"7",,DOMAINE,DE LA DHUIS,FRANCE
"930024140",7 PLACE N. NEUBURGER,"93140",Bondy,"7",,PLACE,N. NEUBURGER,FRANCE
"930024141",7 RUE DE LA TERRE ST BLAISE,"93140",Bondy,"7",,RUE,DE LA TERRE ST BLAISE,FRANCE
"930024143",7 RUE DU CLOCHER,"93600",Aulnay-sous-Bois,"7",,RUE,DU CLOCHER,FRANCE
"930024146",70 AVENUE DE LATTRE DE TAS,"93140",Bondy,"70",,AVENUE,DE LATTRE DE TAS,FRANCE
"930024151",8 DE LA DHUYS,"93390",Clichy-sous-Bois,"8",,,DE LA DHUYS,FRANCE
"930024153",8 DOMAINE DE LA DHUIS,"93220",Gagny,"8",,DOMAINE,DE LA DHUIS,FRANCE
"930024158",8 ROND-POINT MONTFERMEIL,"93340",Le Raincy,"8",,ROND-POINT,MONTFERMEIL,FRANCE
"930024163",9 ALLEE DOCTEUR C BERNARD,"93600",Aulnay-sous-Bois,"9",,ALLEE,DOCTEUR C BERNARD,FRANCE
"930024166",9 AVENUE PT SALVADOR ALLENDE,"93100",Montreuil,"9",,AVENUE,PT SALVADOR ALLENDE,FRANCE
"930024167",9 COURS DES MARAICHERS,"93120",La Courneuve,"9",,COURS,DES MARAICHERS,FRANCE
"930024168",9 DE LA DHUYS,"93390",Clichy-sous-Bois,"9",,,DE LA DHUYS,FRANCE
"930024169",9 DOMAINE DE LA DHUIS,"93220",Gagny,"9",,DOMAINE,DE LA DHUIS,FRANCE
"930024171",9 PLACE N. NEUBURGER,"93140",Bondy,"9",,PLACE,N. NEUBURGER,FRANCE
"930024173",9 RUE DU CLOCHER,"93600",Aulnay-sous-Bois,"9",,RUE,DU CLOCHER,FRANCE
"930024176",AVENUE DE LATTRE DE TASSIGNY,"93140",Bondy,"0",,AVENUE,DE LATTRE DE TASSIGNY,FRANCE
"930024178",BOULEVARD DU GENERAL LECLERC,"93260",Les Lilas,"0",,BOULEVARD,DU GENERAL LECLERC,FRANCE
"930024182",PLACE A. THOMAS,"93140",Bondy,"0",,PLACE,A. THOMAS,FRANCE
"940018208",1 ALLEE DU CLOS DE LA PTE FERME,"94880",Noiseau,"1",,ALLEE,DU CLOS DE LA PTE FERME,FRANCE
"940018211",1 ALLEE S. DELAUNAY,"94800",Villejuif,"1",,ALLEE,S. DELAUNAY,FRANCE
"940018220",1 OREE DU PARC,"94420",Le Plessis-Trévise,"1",,,OREE DU PARC,FRANCE
"940018221",1 PLACE DE LA VICTOIRE DU 08/05/45,"94250",Gentilly,"1",,PLACE,DE LA VICTOIRE DU 08/05/45,FRANCE
"940018226",1 RUE ITZHAK RABIN,"94270",Le Kremlin-Bicêtre,"1",,RUE,ITZHAK RABIN,FRANCE
"940018229",1 RUE PASTEUR MARTIN LUTHER KING,"94120",Fontenay-sous-Bois,"1",,RUE,PASTEUR MARTIN LUTHER KING,FRANCE
"940018230",1 RUE ROGER DERRY,"94400",Vitry-sur-Seine,"1",,RUE,ROGER DERRY,FRANCE
"940018231",1 RUE X. GUILLEMIN,"94800",Villejuif,"1",,RUE,X. GUILLEMIN,FRANCE
"940018236",10 ALLEE S. DELAUNAY,"94800",Villejuif,"10",,ALLEE,S. DELAUNAY,FRANCE
"940018240",10 JARDIN DU CARD DE RICHELIEU,"94220",Charenton-le-Pont,"10",,JARDIN,DU CARD DE RICHELIEU,FRANCE
"940018243",10 RUE AGLAE CRETTE,"94400",Vitry-sur-Seine,"10",,RUE,AGLAE CRETTE,FRANCE
"940018254",11 RUE DE LA 1ERE DIVISION,"94160",Saint-Mandé,"11",,RUE,DE LA 1ERE DIVISION,FRANCE
"940018260",11 RUE ROGER DERRY,"94400",Vitry-sur-Seine,"11",,RUE,ROGER DERRY,FRANCE
"940018261",11 RUE V.ANTOMARCHI,"94800",Villejuif,"11",,RUE,V.ANTOMARCHI,FRANCE
"940018265",12 ALLEE ALLÉE JACQUES COPEAU,"94500",Champigny-sur-Marne,"12",,ALLEE,ALLÉE JACQUES COPEAU,FRANCE
"940018267",12 ALLEE S. DELAUNAY,"94800",Villejuif,"12",,ALLEE,S. DELAUNAY,FRANCE
"940018272",12 JARDIN DU CARD DE RICHELIEU,"94220",Charenton-le-Pont,"12",,JARDIN,DU CARD DE RICHELIEU,FRANCE
"940018275",12 RUE J B CLEMENT,"94600",Choisy-le-Roi,"12",,RUE,J B CLEMENT,FRANCE
"940018284",127 B AVENUE DU GAL LECLERC,"94500",Champigny-sur-Marne,"127",B,AVENUE,DU GAL LECLERC,FRANCE
"940018285",127 C AVENUE DU GAL LECLERC,"94500",Champigny-sur-Marne,"127",C,AVENUE,DU GAL LECLERC,FRANCE
"940018287",127 E AVENUE DU GAL LECLERC,"94500",Champigny-sur-Marne,"127",E,AVENUE,DU GAL LECLERC,FRANCE
"940018288",127 F AVENUE DU GAL LECLERC,"94500",Champigny-sur-Marne,"127",F,AVENUE,DU GAL LECLERC,FRANCE
"940018289",127 G AVENUE DU GAL LECLERC,"94500",Champigny-sur-Marne,"127",G,AVENUE,DU GAL LECLERC,FRANCE
"940018290",127 H AVENUE DU GAL LECLERC,"94500",Champigny-sur-Marne,"127",H,AVENUE,DU GAL LECLERC,FRANCE
"940018294",13 RUE DE LA 1ERE DIVISION,"94160",Saint-Mandé,"13",,RUE,DE LA 1ERE DIVISION,FRANCE
"940018298",13 RUE J B CLEMENT,"94600",Choisy-le-Roi,"13",,RUE,J B CLEMENT,FRANCE
"940018301",13 RUE V.ANTOMARCHI,"94800",Villejuif,"13",,RUE,V.ANTOMARCHI,FRANCE
"940018303",14 AVENUE AV.DOCTEUR LACROIX,"94270",Le Kremlin-Bicêtre,"14",,AVENUE,AV.DOCTEUR LACROIX,FRANCE
"940018304",14 JARDIN DU CARD DE RICHELIEU,"94220",Charenton-le-Pont,"14",,JARDIN,DU CARD DE RICHELIEU,FRANCE
"940018307",14 RUE J B CLEMENT,"94600",Choisy-le-Roi,"14",,RUE,J B CLEMENT,FRANCE
"940018314",15 RUE J B CLEMENT,"94600",Choisy-le-Roi,"15",,RUE,J B CLEMENT,FRANCE
"940018315",15 RUE J.DE BEAUHARNAIS,"94500",Champigny-sur-Marne,"15",,RUE,J.DE BEAUHARNAIS,FRANCE
"940018318",15 RUE V.ANTOMARCHI,"94800",Villejuif,"15",,RUE,V.ANTOMARCHI,FRANCE
"940018323",16 RUE J B CLEMENT,"94600",Choisy-le-Roi,"16",,RUE,J B CLEMENT,FRANCE
"940018329",17 RUE J.DE BEAUHARNAIS,"94500",Champigny-sur-Marne,"17",,RUE,J.DE BEAUHARNAIS,FRANCE
"940018332",17 RUE V.ANTOMARCHI,"94800",Villejuif,"17",,RUE,V.ANTOMARCHI,FRANCE
"940018340",19 RUE V.ANTOMARCHI,"94800",Villejuif,"19",,RUE,V.ANTOMARCHI,FRANCE
"940018342",2 ALLEE S. DELAUNAY,"94800",Villejuif,"2",,ALLEE,S. DELAUNAY,FRANCE
"940018344",2 AVENUE DU CHAPERON VERT,"94250",Gentilly,"2",,AVENUE,DU CHAPERON VERT,FRANCE
"940018349",2 IMPASSE FR RUDE,"94000",Créteil,"2",,IMPASSE,FR RUDE,FRANCE
"940018353",2 OREE DU PARC,"94420",Le Plessis-Trévise,"2",,,OREE DU PARC,FRANCE
"940018355",2 PLACE DE LA VICTOIRE DU 08/05/45,"94250",Gentilly,"2",,PLACE,DE LA VICTOIRE DU 08/05/45,FRANCE
"940018357",2 RESIDENCE L. BLANC,"94140",Alfortville,"2",,RESIDENCE,L. BLANC,FRANCE
"940018367",20 RUE JOHN FITZGERALD,"94270",Le Kremlin-Bicêtre,"20",,RUE,JOHN FITZGERALD,FRANCE
"940018373",21 RUE V.ANTOMARCHI,"94800",Villejuif,"21",,RUE,V.ANTOMARCHI,FRANCE
"940018374",22 AVENUE DU GENERAL DE,"94170",Le Perreux-sur-Marne,"22",,AVENUE,DU GENERAL DE,FRANCE
"940018382",23 RUE V.ANTOMARCHI,"94800",Villejuif,"23",,RUE,V.ANTOMARCHI,FRANCE
"940018403",3 ALLEE S. DELAUNAY,"94800",Villejuif,"3",,ALLEE,S. DELAUNAY,FRANCE
"940018413",3 OREE DU PARC,"94420",Le Plessis-Trévise,"3",,,OREE DU PARC,FRANCE
"940018414",3 PLACE E. DESCHAMPS,"94230",Cachan,"3",,PLACE,E. DESCHAMPS,FRANCE
"940018417",3 RESIDENCE L. BLANC,"94140",Alfortville,"3",,RESIDENCE,L. BLANC,FRANCE
"940018424",3 RUE ROGER DERRY,"94400",Vitry-sur-Seine,"3",,RUE,ROGER DERRY,FRANCE
"940018425",3 RUE V.ANTOMARCHI,"94800",Villejuif,"3",,RUE,V.ANTOMARCHI,FRANCE
"940018426",3 RUE X. GUILLEMIN,"94800",Villejuif,"3",,RUE,X. GUILLEMIN,FRANCE
"940018429",30 AVENUE P.LAFARGUE,"94500",Champigny-sur-Marne,"30",,AVENUE,P.LAFARGUE,FRANCE
"940018434",31 BIS AVENUE DE L. DE TASSIGNY,"94230",Cachan,"31",BIS,AVENUE,DE L. DE TASSIGNY,FRANCE
"940018453",36 SENTIER B.MALON,"94800",Villejuif,"36",,SENTIER,B.MALON,FRANCE
"940018460",38 SENTIER B.MALON,"94800",Villejuif,"38",,SENTIER,B.MALON,FRANCE
"940018464",4 ALLEE S. DELAUNAY,"94800",Villejuif,"4",,ALLEE,S. DELAUNAY,FRANCE
"940018468",4 IMPASSE FR RUDE,"94000",Créteil,"4",,IMPASSE,FR RUDE,FRANCE
"940018471",4 OREE DU PARC,"94420",Le Plessis-Trévise,"4",,,OREE DU PARC,FRANCE
"940018472",4 PLACE DE LA VICTOIRE DU 08/05/45,"94250",Gentilly,"4",,PLACE,DE LA VICTOIRE DU 08/05/45,FRANCE
"940018474",4 RESIDENCE L. BLANC,"94140",Alfortville,"4",,RESIDENCE,L. BLANC,FRANCE
"940018485",40 SENTIER B.MALON,"94800",Villejuif,"40",,SENTIER,B.MALON,FRANCE
"940018491",42 SENTIER B.MALON,"94800",Villejuif,"42",,SENTIER,B.MALON,FRANCE
"940018505",47 AVENUE G CLEMENCEAU,"94700",Maisons-Alfort,"47",,AVENUE,G CLEMENCEAU,FRANCE
"940018513",5 ALLEE S. DELAUNAY,"94800",Villejuif,"5",,ALLEE,S. DELAUNAY,FRANCE
"940018520",5 PLACE DE LA VICTOIRE DU 08/05/45,"94250",Gentilly,"5",,PLACE,DE LA VICTOIRE DU 08/05/45,FRANCE
"940018523",5 RESIDENCE L. BLANC,"94140",Alfortville,"5",,RESIDENCE,L. BLANC,FRANCE
"940018528",5 RUE ROGER DERRY,"94400",Vitry-sur-Seine,"5",,RUE,ROGER DERRY,FRANCE
"940018529",5 RUE V.ANTOMARCHI,"94800",Villejuif,"5",,RUE,V.ANTOMARCHI,FRANCE
"940018530",5 RUE X. GUILLEMIN,"94800",Villejuif,"5",,RUE,X. GUILLEMIN,FRANCE
"940018536",51 BIS AVENUE MARECH. JOFFRE,"94120",Fontenay-sous-Bois,"51",BIS,AVENUE,MARECH. JOFFRE,FRANCE
"940018537",52 AVENUE DU GÉNÉRAL .P. BILLOTTE,"94000",CrÃ©teil,"52",,AVENUE,DU GÉNÉRAL .P. BILLOTTE,FRANCE
"940018539",53 AVENUE MARECH. JOFFRE,"94120",Fontenay-sous-Bois,"53",,AVENUE,MARECH. JOFFRE,FRANCE
"940018542",55 AVENUE MARECH. JOFFRE,"94120",Fontenay-sous-Bois,"55",,AVENUE,MARECH. JOFFRE,FRANCE
"940018543",56 AVENUE DU GÉNÉRAL .P. BILLOTTE,"94000",CrÃ©teil,"56",,AVENUE,DU GÉNÉRAL .P. BILLOTTE,FRANCE
"940018544",56 AVENUE DU GÉNÉRAL P. BILLOTTE,"94000",CrÃ©teil,"56",,AVENUE,DU GÉNÉRAL P. BILLOTTE,FRANCE
"940018549",6 ALLEE S. DELAUNAY,"94800",Villejuif,"6",,ALLEE,S. DELAUNAY,FRANCE
"940018556",6 PLACE DE LA VICTOIRE DU 08/05/45,"94250",Gentilly,"6",,PLACE,DE LA VICTOIRE DU 08/05/45,FRANCE
"940018558",6 RESIDENCE L. BLANC,"94140",Alfortville,"6",,RESIDENCE,L. BLANC,FRANCE
"940018566",65 AVENUE LENINE,"94110",Arcueil,"65",,AVENUE,LENINE,FRANCE
"940018569",7 ALLEE S. DELAUNAY,"94800",Villejuif,"7",,ALLEE,S. DELAUNAY,FRANCE
"940018574",7 PLACE DE LA VICTOIRE DU 08/05/45,"94250",Gentilly,"7",,PLACE,DE LA VICTOIRE DU 08/05/45,FRANCE
"940018583",7 RUE ROGER DERRY,"94400",Vitry-sur-Seine,"7",,RUE,ROGER DERRY,FRANCE
"940018584",7 RUE V.ANTOMARCHI,"94800",Villejuif,"7",,RUE,V.ANTOMARCHI,FRANCE
"940018585",7 RUE X. GUILLEMIN,"94800",Villejuif,"7",,RUE,X. GUILLEMIN,FRANCE
"940018587",71 AVENUE LENINE,"94110",Arcueil,"71",,AVENUE,LENINE,FRANCE
"940018588",71 BIS AVENUE LENINE,"94110",Arcueil,"71",BIS,AVENUE,LENINE,FRANCE
"940018589",78 AVENUE DU GÉNÉRAL .P. BILLOTTE,"94000",CrÃ©teil,"78",,AVENUE,DU GÉNÉRAL .P. BILLOTTE,FRANCE
"940018591",8 ALLEE S. DELAUNAY,"94800",Villejuif,"8",,ALLEE,S. DELAUNAY,FRANCE
"940018597",8 JARDIN DU CARD DE RICHELIEU,"94220",Charenton-le-Pont,"8",,JARDIN,DU CARD DE RICHELIEU,FRANCE
"940018598",8 PLACE DE LA VICTOIRE DU 08/05/45,"94250",Gentilly,"8",,PLACE,DE LA VICTOIRE DU 08/05/45,FRANCE
"940018607",81 RUE ANTOINE ET MARIE COLLIN,"94400",Vitry-sur-Seine,"81",,RUE,ANTOINE ET MARIE COLLIN,FRANCE
"940018613",9 PLACE DE LA VICTOIRE DU 08/05/45,"94250",Gentilly,"9",,PLACE,DE LA VICTOIRE DU 08/05/45,FRANCE
"940018616",9 RUE DE LA 1ERE DIVISION,"94160",Saint-Mandé,"9",,RUE,DE LA 1ERE DIVISION,FRANCE
"940018621",9 RUE ROGER DERRY,"94400",Vitry-sur-Seine,"9",,RUE,ROGER DERRY,FRANCE
"940018622",9 RUE V.ANTOMARCHI,"94800",Villejuif,"9",,RUE,V.ANTOMARCHI,FRANCE
"940018630",ROUTE CLOS DE LA BORDERIE,"94510",La Queue-en-Brie,"0",,ROUTE,CLOS DE LA BORDERIE,FRANCE
"950049553",12 RUE TAILLANDIER,"95100",Argenteuil,"12",,RUE,TAILLANDIER,FRANCE
